,precision,recall,f1-score,support
butterfly,0.9782608695652174,0.9782608695652174,0.9782608695652174,46.0
cat,0.9333333333333333,0.9545454545454546,0.9438202247191012,44.0
elephant,0.9411764705882353,0.8888888888888888,0.9142857142857143,36.0
sheep,0.9428571428571428,0.8918918918918919,0.9166666666666667,37.0
spider,0.8857142857142857,0.96875,0.9253731343283582,32.0
accuracy,0.9384615384615385,0.9384615384615385,0.9384615384615385,0.9384615384615385
macro avg,0.936268420411643,0.9364674209782905,0.9356813219130113,195.0
weighted avg,0.9393722617252029,0.9384615384615385,0.9383127311133348,195.0
