,precision,recall,f1-score,support
butterfly,0.703125,0.9782608695652174,0.8181818181818182,46.0
cat,1.0,0.7272727272727273,0.8421052631578948,44.0
elephant,0.918918918918919,0.9444444444444444,0.9315068493150684,36.0
sheep,0.9655172413793104,0.7567567567567568,0.8484848484848485,37.0
spider,0.8787878787878788,0.90625,0.8923076923076922,32.0
accuracy,0.8615384615384616,0.8615384615384616,0.8615384615384616,0.8615384615384616
macro avg,0.8932698078172215,0.8625969596078292,0.8665172942894646,195.0
weighted avg,0.8885650314529625,0.8615384615384616,0.8624155248125079,195.0
