,precision,recall,f1-score,support
butterfly,0.9361702127659575,0.9565217391304348,0.9462365591397849,46.0
cat,0.9767441860465116,0.9545454545454546,0.9655172413793104,44.0
elephant,0.9444444444444444,0.9444444444444444,0.9444444444444444,36.0
sheep,0.9714285714285714,0.918918918918919,0.9444444444444445,37.0
spider,0.8823529411764706,0.9375,0.9090909090909091,32.0
accuracy,0.9435897435897436,0.9435897435897436,0.9435897435897436,0.9435897435897436
macro avg,0.942228071172391,0.9423861114078506,0.9419467196997786,195.0
weighted avg,0.9447114114553065,0.9435897435897436,0.9438204814178118,195.0
